{"matchedProducts":[{"productToSearch":{"id":"Garson-One","title":"Парикмахерская мойка Cheap One (черный)","approximatePrice":19600,"priceDifference":300,"note":null},"competitorProducts":[{"name":"Парикмахерская мойка Cheap One (черный)","domain":"mastergroomer.com.ua","url":"https://mastergroomer.com.ua/parikmakherskaya-moyka-garson-one/","imageUrl":"https://mastergroomer.com.ua/content/images/32/960x1280l80nn10/parikmakherskaya-moyka-garson-one-41989825042484.jpg","productPlacement":"google-organic","price":19600},{"name":"Мойка парикмахерская Cheap One","domain":"profi-perukar.com.ua","url":"https://profi-perukar.com.ua/ru/p1032858516-mojka-parikmaherskaya-garson.html","imageUrl":"https://profi-perukar.com.ua/content/images/43/700x700l80mc0/p1032858516-mojka-parikmaherskaya-garson.html-81132277045693.jpeg","productPlacement":"google-organic","price":16590},{"name":"Парикмахерская мойка Чип One","domain":"velmi.ua","url":"https://velmi.ua/p538773711-parikmaherskaya-mojka-cheap.html","imageUrl":"https://encrypted-tbn3.gstatic.com/shopping?q=tbn:ANd9GcQWEjjK7X3seDxDtGLaTkjvMAwyiqrFP_3AuC9hjv0sORijiIsVpFr0HiM&usqp=CAE","productPlacement":"google-shopping","price":17535},{"name":"Парикмахерская мойка Чип One Черная","domain":"bellavita.com.ua","url":"https://bellavita.com.ua/p2446921053-parikmaherskaya-mojka-chip.html","imageUrl":"https://encrypted-tbn1.gstatic.com/shopping?q=tbn:ANd9GcQYAodXfqFpPovilMGjZyAtfHW9B-iYmUKSHu-Hs4dy_AMY2M9jDCsNnBKf&usqp=CAE","productPlacement":"google-shopping","price":18940},{"name":"Парикмахерская мойка Shelley One","domain":"ukrsalon.com.ua","url":"https://ukrsalon.com.ua/product/parikmaherskaya-moyka-shelley-one","imageUrl":"https://encrypted-tbn1.gstatic.com/shopping?q=tbn:ANd9GcTq_5LWOhp7er-pi56lAl9fWoEGRRYEWvi1e1qqlFy931nPwZj-po9bL1LY&usqp=CAE","productPlacement":"google-shopping","price":21914},{"name":"Парикмахерская мойка Lady One","domain":"ukrsalon.com.ua","url":"https://ukrsalon.com.ua/product/parikmaherskaya-moyka-ledi-one-2","imageUrl":"https://encrypted-tbn3.gstatic.com/shopping?q=tbn:ANd9GcQUOxxIUXf0TZSXhp6Y7RZtsacGFFlETFmisOPkVMY3S2VXWe7guROjClFHIATaJlIeUC1a7Q&usqp=CAE","productPlacement":"google-shopping","price":30419},{"name":"Парикмахерская мойка Velmi One VM2017","domain":"krasalux.com.ua","url":"https://krasalux.com.ua/ru/perukarska-myika-velmi-cheap-one-vm2017/","imageUrl":"https://encrypted-tbn2.gstatic.com/shopping?q=tbn:ANd9GcQRZp5GnapAd9nqIFAY0y-PdNAAQncJjJxoGv-9QHXu3zGM0LWOIWlXEP8&usqp=CAE","productPlacement":"google-shopping","price":17842},{"name":"Парикмахерская мойка Black Shelley One","domain":"meblivsalon.com.ua","url":"https://meblivsalon.com.ua/p1999517818-parikmaherskaya-mojka-black.html","imageUrl":"https://encrypted-tbn0.gstatic.com/shopping?q=tbn:ANd9GcSmSK40gkQinMqMr6wAR2MDWezJ5EQ69YFQP_O6iNg8v3otSx37w9CbLn84&usqp=CAE","productPlacement":"google-shopping","price":21966},{"name":"Парикмахерская мойка Cheap One с глубокой керамикой New York","domain":"klimazon.com","url":"https://klimazon.com/ru/perukarska-myika-cheap-one-iz-hlybokoiu-keramikoiu-new-york/","imageUrl":"https://klimazon.com/content/images/45/800x800l80mc0/92658165943881.jpg","productPlacement":"google-organic","price":17598},{"name":"Мойка парикмахерская One","domain":"profi-perukar.com.ua","url":"https://profi-perukar.com.ua/ru/p1032858516-mojka-parikmaherskaya-garson.html","imageUrl":"https://encrypted-tbn3.gstatic.com/shopping?q=tbn:ANd9GcQ6KMJjJzKc2DQ0kt4g2Wrkji9x8ZiejYmwF6Z4BqWkDMXHnByElVmVvw0xwmmkW2rq3fUDjQ&usqp=CAE","productPlacement":"google-shopping","price":16590},{"name":"Мойка парикмахерская Чип One, черная","domain":"beauty-mafia.com.ua","url":"https://beauty-mafia.com.ua/katalog/mojka-parikmaherskaya-cheap-one-chernaya/","imageUrl":"https://beauty-mafia.com.ua/wp-content/uploads/2024/10/marlenlux-1-700x700-1.jpg","productPlacement":"google-organic","price":16400},{"name":"Парикмахерская мойка с креслом -ONE","domain":"ideal-plus.com.ua","url":"https://ideal-plus.com.ua/p1795836770-mojki-parikmaherskie-dlya.html","imageUrl":"https://encrypted-tbn3.gstatic.com/shopping?q=tbn:ANd9GcTiwxUXx6sVEpPUOjSmSITqVabwno8oMP4ZgAostfAF40mxshJvRLgoVeCMc_zch7xPVLJe&usqp=CAE","productPlacement":"google-shopping","price":17388.5},{"name":"Парикмахерская пластиковая мойка","domain":"beauty-market.com.ua","url":"https://beauty-market.com.ua/p222263014-parikmaherskaya-plastikovaya-mojka.html","imageUrl":"https://encrypted-tbn1.gstatic.com/shopping?q=tbn:ANd9GcQKZ7YDnzAs_LBa_MxfNjlgnY4PdPrpUxrRoDjZzNGAcjaFrjoBLd4PI1IKYAin_zEnJHThnw&usqp=CAE","productPlacement":"google-shopping","price":2933},{"name":"Парикмахерская мойка \"Инокс\" ZD-3355","domain":"deksim.ua","url":"https://deksim.ua/product/parikmaherskaya-mojka-inoks-zd-3355/","imageUrl":"https://encrypted-tbn0.gstatic.com/shopping?q=tbn:ANd9GcRkBBUg60ybGgN1faOtG0m8VPRb85qrIq4XHc3YqMUiJymVXFOM2pp8ygjYasMgWtcUdsatBg&usqp=CAE","productPlacement":"google-shopping","price":11880},{"name":"Перукарська мийка Cheap One (Чіп/Оне)","domain":"opensalon.com.ua","url":"https://opensalon.com.ua/p398549323-mojka-parikmaherskaya-chip.html","imageUrl":"https://images.prom.ua/563158400_w640_h640_mojka-parikmaherskaya-chip.jpg","productPlacement":"google-organic","price":18940},{"name":"Перукарська мийка Cheap One","domain":"velmi.ua","url":"https://velmi.ua/p538773711-parikmaherskaya-mojka-cheap.html","imageUrl":"https://images.prom.ua/2518366567_w640_h640_parikmaherskaya-mojka-cheap.jpg","productPlacement":"google-organic","price":17535},{"name":"Мойка парикмахерская Artmen Lady One","domain":"stylesalon.com.ua","url":"https://stylesalon.com.ua/artmen-moyka-parikmaherskaya-lady-one.html","imageUrl":"https://encrypted-tbn0.gstatic.com/shopping?q=tbn:ANd9GcQaWmCfxBNASqTH9HnC6KEv5Dybdzvxaio0J8OV9Pxa21xnW6mOxNnY1x1x&usqp=CAE","productPlacement":"google-shopping","price":32873},{"name":"Мойка парикмахерская М0016","domain":"basicsbeauty.com.ua","url":"https://basicsbeauty.com.ua/catalog/product/moyka_parikmaherskaya_m0016","imageUrl":"https://encrypted-tbn1.gstatic.com/shopping?q=tbn:ANd9GcQBIXsyZ8zG-Wim17qOdzl2MmVzCoOx3rhfVnwXC0sOhhe_pv8M4OYoYER6&usqp=CAE","productPlacement":"google-shopping","price":2000},{"name":"Перукарська мийка Cheap One  VM2017","domain":"ua-brend.com.ua","url":"https://ua-brend.com.ua/p138923846-mojka-parikmaherskaya-velmi.html","imageUrl":"https://images.prom.ua/3881758209_w640_h640_mojka-parikmaherskaya-velmi.jpg","productPlacement":"google-organic","price":17598},{"name":"Парикмахерская мойка для волос 210В с регулируемой высотой (черная)","domain":"super-shop.net.ua","url":"https://super-shop.net.ua/p1122826028-parikmaherskaya-mojka-dlya.html","imageUrl":"https://encrypted-tbn0.gstatic.com/shopping?q=tbn:ANd9GcRuCqL2mOpjtLSh2D38ipCZlsBJKufD4n_NFbSGX_V9Vo-TM6DVl_vW9mt9-uEvksdJ7CsVSA&usqp=CAE","productPlacement":"google-shopping","price":6300},{"name":"Мойка парикмахерская LADY/ONE","domain":"dilaris.com.ua","url":"https://dilaris.com.ua/mojka-parikmaherskaya-lady-one","imageUrl":"https://encrypted-tbn3.gstatic.com/shopping?q=tbn:ANd9GcQanAdX4I3pm9s_Q-DYcETM2rcFSyE763is2v1q7LdN1nhtdG2z-MBMvzx5&usqp=CAE","productPlacement":"google-shopping","price":27009.86},{"name":"Мойка для волос парикмахерская 210 (Черная)","domain":"supershop.com.ua","url":"https://supershop.com.ua/ru/myika-dlia-volossia-perukarska-210-chorna/","imageUrl":"https://encrypted-tbn0.gstatic.com/shopping?q=tbn:ANd9GcQJPOq4WzaPUGsd-nkNzuGW7AL4nPhxAwZVp9hKJRqxD_-Sn3-irMKazr2x18cVa7nZE_i72Q&usqp=CAE","productPlacement":"google-shopping","price":2400},{"name":"Мойка парикмахерская пластиковая черная","domain":"stylewoman.com.ua","url":"https://stylewoman.com.ua/p333861040-mojka-parikmaherskaya-plastikovaya.html","imageUrl":"https://encrypted-tbn2.gstatic.com/shopping?q=tbn:ANd9GcRcTDLIi6G1RhGP-UsJyiZOO1x02aIQRKK0TYDoAHxfnco6qe8azisJ-K_aSAZ2rTl_MO2g&usqp=CAE","productPlacement":"google-shopping","price":2400},{"name":"Мойка парикмахерская Artmen Lady One черная укр. Керамика","domain":"wmarket.com.ua","url":"https://wmarket.com.ua/mojka-parikmaherskaja-artmen-lady-one-chernaja-ukr-keramika/","imageUrl":"https://encrypted-tbn1.gstatic.com/shopping?q=tbn:ANd9GcQVoNV6hjV-HbJX6OpvRKKQxiAfMumt_vlxBigo2hKUAQA8dyAqflI6SII&usqp=CAE","productPlacement":"google-shopping","price":30571},{"name":"Мийка перукарня Чіп/Ван (Cheap One)","domain":"bi-shop.com.ua","url":"https://bi-shop.com.ua/p1284438141-mojka-parikmaherskaya-chip.html","imageUrl":"https://images.prom.ua/2697398296_w640_h640_mojka-parikmaherskaya-chip.jpg","productPlacement":"google-organic","price":18940},{"name":"Мойка парикмахерская AYALA LEDY ONE","domain":"meblivsalon.com.ua","url":"https://meblivsalon.com.ua/p2139791041-mojka-parikmaherskaya-ayala.html","imageUrl":"https://encrypted-tbn2.gstatic.com/shopping?q=tbn:ANd9GcTRszhKfweP2arGVEYCFjQbX26XGz_L8jiyimlKJd5sXip_pmjQif2J6yIfsuN5y6Nt6jkcug&usqp=CAE","productPlacement":"google-shopping","price":42000},{"name":"Перукарська мийка Velmi Cheap One VM2017","domain":"modniymaster.com.ua","url":"https://modniymaster.com.ua/p1503675287-parikmaherskaya-mojka-velmi.html","imageUrl":"https://images.prom.ua/3415557218_w640_h640_parikmaherskaya-mojka-velmi.jpg","productPlacement":"google-organic","price":17511},{"name":"Мойка парикмахерская SHELLY/ONE","domain":"dilaris.com.ua","url":"https://dilaris.com.ua/mojka-parikmaherskaya-shelly-one","imageUrl":"https://encrypted-tbn3.gstatic.com/shopping?q=tbn:ANd9GcSYzxvMQFW3oB3pnBheX683yjEVLQZw7NusYZ2TlCUZhxti-cKICj3T4XM&usqp=CAE","productPlacement":"google-shopping","price":20257.39},{"name":"Мойка парикмахерская пластиковая","domain":"prom.ua","url":"https://prom.ua/p13094420-mojka-parikmaherskaya-plastikovaya.html","imageUrl":"https://encrypted-tbn2.gstatic.com/shopping?q=tbn:ANd9GcRYHrcQ9X68KHMZSiqSUDc0xVZpIaAKdLJ32VEcGa5Qr-LplrtSLMlZeArkZJZNcnq0oagZ&usqp=CAE","productPlacement":"google-shopping","price":2499},{"name":"Мийка перукарня Чіп / Ван (Cheap One)","domain":"zloy-stilist.com.ua","url":"https://zloy-stilist.com.ua/p2056333484-mojka-parikmaherskaya-chip.html","imageUrl":"https://images.prom.ua/5243437004_w640_h640_mojka-parikmaherskaya-chip.jpg","productPlacement":"google-organic","price":18940},{"name":"Мойка парикмахерская AYALA LEDY ONE кожзам польский, пластик черный","domain":"iris.ck.ua","url":"https://iris.ck.ua/mojka-parikmaherskaya-ayala-ledy-one-kozhzam-polskij-plastik-chernyj","imageUrl":"https://iris.ck.ua/image/cache/catalog/photo%20iris%202021/1/3/Myjnia_lady_one_A_1-800x800.jpg","productPlacement":"google-organic","price":43307},{"name":"Мойка парикмахерская AYALA LEDY ONE кожзам польский, пластик черный","domain":"iris.ck.ua","url":"https://iris.ck.ua/mojka-parikmaherskaya-ayala-ledy-one-kozhzam-polskij-plastik-chernyj","imageUrl":"https://encrypted-tbn1.gstatic.com/shopping?q=tbn:ANd9GcQTS7bhkp6_uTbvv1SnxKGQdGCX8X8hC5RL_6SAqINHZ5SFfPMsu_CZwIlTZJUJz8u5Cdl6lg&usqp=CAE","productPlacement":"google-shopping","price":43307},{"name":"Керамическая раковина для парикмахерской мойки 0356 Solo черная.","domain":"prom.ua","url":"https://prom.ua/p1646776773-keramicheskaya-rakovina-dlya.html","imageUrl":"https://encrypted-tbn1.gstatic.com/shopping?q=tbn:ANd9GcT3D7vEi2q9RJl6U9kmqnvKpo_FWhL0IdEZUHMTkQQ0z_hmtSqA6PAwkVcS&usqp=CAE","productPlacement":"google-shopping","price":5380},{"name":"Мийка перукарська Cheap One з керамікою Гарсон","domain":"beauty-market.com.ua","url":"https://beauty-market.com.ua/p100141179-mojka-parikmaherskaya-cheap.html","imageUrl":"https://images.prom.ua/4364548598_w640_h640_mojka-parikmaherskaya-cheap.jpg","productPlacement":"google-organic","price":15503},{"name":"Перукарська мийка Cheap One із глибокою керамікою New York","domain":"ukrstil.com","url":"https://ukrstil.com/p1598361304-parikmaherskaya-mojka-cheap.html","imageUrl":"https://images.prom.ua/3719558224_w640_h640_parikmaherskaya-mojka-cheap.jpg","productPlacement":"google-organic","price":17598},{"name":"Мойка парикмахерская пластиковая черная #236 с сантехникой","domain":"stylewoman.com.ua","url":"https://stylewoman.com.ua/p573590829-mojka-parikmaherskaya-plastikovaya.html","imageUrl":"https://encrypted-tbn3.gstatic.com/shopping?q=tbn:ANd9GcTc4wOjpupVPQQK76te7ge_tFvmy-o2P7h9PkbayakW1LKMX-tBOfRQY0ok74qlQ5fZtWgnmA&usqp=CAE","productPlacement":"google-shopping","price":4500},{"name":"Мойка парикмахерская пластиковая черная на подставке 210 48","domain":"stylewoman.com.ua","url":"https://stylewoman.com.ua/p573589423-mojka-parikmaherskaya-plastikovaya.html","imageUrl":"https://encrypted-tbn1.gstatic.com/shopping?q=tbn:ANd9GcQYf49Bgf78zq-Pn8J09jXU_dEaN20x-jVvutOc7G4xa0qiChURNUgb1rt9LlDTZCo2mMsvjg&usqp=CAE","productPlacement":"google-shopping","price":2250},{"name":"Мойка передвижная парикмахерская для волос, черная со шлангом","domain":"cosmetic-ksm.com","url":"https://cosmetic-ksm.com/p2466993378-mojka-peredvizhnaya-parikmaherskaya.html","imageUrl":"https://encrypted-tbn2.gstatic.com/shopping?q=tbn:ANd9GcRgd32PFgIpILnGxnoMCt3eUiiXq0adXAu17T7DV7dc-o0W-i0kEq393QTj&usqp=CAE","productPlacement":"google-shopping","price":2450},{"name":"Профессиональная парикмахерская мойка 210 – регулируемая, стойкая к влаге, черная","domain":"super-shop.net.ua","url":"https://super-shop.net.ua/p2466992107-professionalnaya-parikmaherskaya-mojka.html","imageUrl":"https://encrypted-tbn0.gstatic.com/shopping?q=tbn:ANd9GcS2ORuPamabRRMhWyfWU6ceMSJ4aCTONP_llZgbbT2UhuoAvEkLdPAwa_sWWFhBLBcMwhosTQ&usqp=CAE","productPlacement":"google-shopping","price":2650},{"name":"Мойка парикмахерская пластиковая со смесителем и душем","domain":"zhenskiy-ray.com.ua","url":"https://zhenskiy-ray.com.ua/ua/p1334962586-mojka-parikmaherskaya-plastikovaya.html","imageUrl":"https://encrypted-tbn0.gstatic.com/shopping?q=tbn:ANd9GcTOoMPiX1GNCzl9hK-AQqbSlLSszAFuHSQhNQ2sArqTSQ8VFu1R6QVDSJo&usqp=CAE","productPlacement":"google-shopping","price":3650},{"name":"Мийка перукарська Cheap One з глибокою керамікою New York","domain":"krasunia.com","url":"https://krasunia.com/p640601760-mojka-parikmaherskaya-cheap.html","imageUrl":"https://images.prom.ua/1996114066_w640_h640_mojka-parikmaherskaya-cheap.jpg","productPlacement":"google-organic","price":17598},{"name":"Перукарська мийка Black Lady One VM2007","domain":"salon-beauty.ub.ua","url":"https://salon-beauty.ub.ua/goods/view/9115083/all/perukarska-miyka-black-lady-one-vm2007/","imageUrl":"https://encrypted-tbn1.gstatic.com/shopping?q=tbn:ANd9GcRxzrmnR405Gwr7USxRaQkZ1UFeDA3Mty6GhUphuhgFeespJWvkcUOSIxvTRyNVK9KB79Q7Hg&usqp=CAE","productPlacement":"google-shopping","price":30492},{"name":"Мойка парикмахерская пластиковая черная на подставке с силиконовым воротником для шеи","domain":"stylewoman.com.ua","url":"https://stylewoman.com.ua/p1404450352-mojka-parikmaherskaya-plastikovaya.html","imageUrl":"https://encrypted-tbn2.gstatic.com/shopping?q=tbn:ANd9GcSdX20yfjuB9uKd6iOQhmP4TTLQaz6260YOLpOuKfnqSg_GidNcjEywxcDpa7GOBP-84AC7&usqp=CAE","productPlacement":"google-shopping","price":2698},{"name":"Перукарська мийка Cheap-ONE крісло-мийка для перукарні, мийка для салону краси","domain":"prom.ua","url":"https://prom.ua/p1079995530-parikmaherskaya-mojka-cheap.html","imageUrl":"https://images.prom.ua/2078385393_w700_h500_parikmaherskaya-mojka-cheap-one.jpg","productPlacement":"google-organic","price":18940},{"name":"МИЙКА ПЕРУКАРНЯ CHEAP one Перукарська мийка з зручним кріслом для салонів краси кераміка Китай","domain":"prom.ua","url":"https://prom.ua/p1079998347-mojka-parikmaherskaya-cheap.html","imageUrl":"https://images.prom.ua/4353996221_w700_h500_mojka-parikmaherskaya-cheap.jpg","productPlacement":"google-organic","price":17388.5},{"name":"Інтернет-магазин \"2Salon\"","domain":"2salon.com.ua","url":"https://2salon.com.ua/p233187525-mojka-parikmaherskaya-chip.html","imageUrl":"https://images.prom.ua/341676274_w640_h640_mojka-parikmaherskaya-chip.jpg","productPlacement":"google-organic","price":18940}]},{"productToSearch":{"id":"Garson-Clio","title":"Парикмахерская мойка Гарсон КЛИО","approximatePrice":9695,"priceDifference":300,"note":null},"competitorProducts":[{"name":"Парикмахерская мойка Гарсон КЛИО","domain":"mastergroomer.com.ua","url":"https://mastergroomer.com.ua/parikmakherskaya-moyka-garson-klio/","imageUrl":"https://mastergroomer.com.ua/content/images/33/1000x1000l80nn10/57550553946587.jpeg","productPlacement":"google-organic","price":9695},{"name":"Парикмахерская мойка Гарсон КЛИО","domain":"profi-perukar.com.ua","url":"https://profi-perukar.com.ua/ru/p1032858517-parikmaherskaya-mojka-garson.html","imageUrl":"https://profi-perukar.com.ua/content/images/44/881x1000l80mc0/p1032858517-parikmaherskaya-mojka-garson.html-14241981826953.jpg","productPlacement":"google-organic","price":9695},{"name":"Парикмахерская мойка Гарсон / ФЛАМИНГО","domain":"mastergroomer.com.ua","url":"https://mastergroomer.com.ua/parikmakherskaya-moyka-garson-flamingo/","imageUrl":"https://encrypted-tbn2.gstatic.com/shopping?q=tbn:ANd9GcSnrzH3e_r7w9EOdAj1PshMz6GHzGaOmVz9TVuthA7zbSVgYqRRusdXtsrdMeLeZEFtE5dPJw&usqp=CAE","productPlacement":"google-shopping","price":18550},{"name":"Парикмахерская мойка Гарсон Фламинго","domain":"profi-perukar.com.ua","url":"https://profi-perukar.com.ua/ru/p1032858515-parikmaherskaya-mojka-garson.html","imageUrl":"https://encrypted-tbn1.gstatic.com/shopping?q=tbn:ANd9GcRow4sMjwzJIlJyKMwdiMpMPW5VVw-Xz1iplQVmo8ApCr3szvfL5S3yIrx-_0AcoEDBxZJ_&usqp=CAE","productPlacement":"google-shopping","price":18550},{"name":"Парикмахерская мойка Kler","domain":"bellavita.com.ua","url":"https://bellavita.com.ua/p2225463767-parikmaherskaya-mojka-kler.html","imageUrl":"https://encrypted-tbn2.gstatic.com/shopping?q=tbn:ANd9GcRKjDFrOmotONqBl-wdIl3OHM9-A2oGV0oYnLGbKb9RNcOl20oE4pEBIuEsRCO2h50KD0lI&usqp=CAE","productPlacement":"google-shopping","price":21500},{"name":"Мойка парикмахерская Гарсон Клио","domain":"centur.com.ua","url":"https://centur.com.ua/moyka-parikmaherskaya-garson-klio/","imageUrl":"https://centur.com.ua/image/cache/catalog/image/catalog/1-1-BANERY-1/CENTUR-12.webp","productPlacement":"google-organic","price":28952},{"name":"Парикмахерская мойка Леди Клио","domain":"profi-perukar.com.ua","url":"https://profi-perukar.com.ua/ru/perukarska-myika-ledi-klio","imageUrl":"https://profi-perukar.com.ua/content/images/50/612x408l80mc0/perukarska-myika-ledi-klio-16485079136264.png","productPlacement":"google-organic","price":23900},{"name":"Парикмахерская мойка Long Lux","domain":"ukrstil.com","url":"https://ukrstil.com/p552598125-parikmaherskaya-mojka-long.html","imageUrl":"https://encrypted-tbn1.gstatic.com/shopping?q=tbn:ANd9GcRDQi6UhBfNYPnhq6ObMvthTB8gOkeg07KnGG67C_WSdztJhIq7PjOc7qgHbKn30KDf9bioQA&usqp=CAE","productPlacement":"google-shopping","price":23060},{"name":"Парикмахерcкая мойка Jules Гарсон, premium","domain":"velmi.ua","url":"https://velmi.ua/p1653233455-parikmaherckaya-mojka-jules.html","imageUrl":"https://encrypted-tbn1.gstatic.com/shopping?q=tbn:ANd9GcS7su4mzvYYvbbXDFcqDrTH_SLaoA6JDWqmz4PTJutnXd8oS7Ox6DSBgYDuPZSsTEbLzEGt5Q&usqp=CAE","productPlacement":"google-shopping","price":29517},{"name":"Парикмахерская мойка-колонна MS-33 MS","domain":"stylesalon.com.ua","url":"https://stylesalon.com.ua/ms-parikmaherskaya-moyka-kolonna-ms-33.html","imageUrl":"https://encrypted-tbn0.gstatic.com/shopping?q=tbn:ANd9GcTB1xkecun8gUXrDOipiNR6ragnXKyskJD9NiIb7MiF7ikv8XqhdqCrSqw3&usqp=CAE","productPlacement":"google-shopping","price":10550},{"name":"Парикмахерская мойка Колонна Styleplus ZD-B39","domain":"stylesalon.com.ua","url":"https://stylesalon.com.ua/moyka-kolonna-zd-b39.html","imageUrl":"https://encrypted-tbn1.gstatic.com/shopping?q=tbn:ANd9GcRK_9K-foV6dw-wNXJHuFjRfsTfp_N5Ba0iAlN0ibsMaAyGb0QQbuUZRLi7blIgrpk1sWJXuA&usqp=CAE","productPlacement":"google-shopping","price":13760},{"name":"Парикмахерская мойка \"Колыска\" ZD-3333","domain":"deksim.ua","url":"https://deksim.ua/product/parikmaherskaya-mojka-kolyska-zd-3333/","imageUrl":"https://encrypted-tbn2.gstatic.com/shopping?q=tbn:ANd9GcToLMdwJQd9r_2w005ZG-msBU06PY8YJz0LIBJC9Sgg423hd-955G70Q9iUTVdKSHAMfM1dmw&usqp=CAE","productPlacement":"google-shopping","price":18080},{"name":"Парикмахерская мойка Styleplus ZD-2237","domain":"stylesalon.com.ua","url":"https://stylesalon.com.ua/kreslo-moyka-zd-2237.html","imageUrl":"https://encrypted-tbn0.gstatic.com/shopping?q=tbn:ANd9GcRA3arV1ybvx4htGqDwsk4x_TmGcsEa6JTDDWwTihcIW4zezoEXcNsnDOnuDjkM0Lt0GzW5&usqp=CAE","productPlacement":"google-shopping","price":18241},{"name":"Парикмахерская мойка Livio Светло-серый","domain":"beauty-market.com.ua","url":"https://beauty-market.com.ua/p1900336166-parikmaherskaya-mojka-livio.html","imageUrl":"https://encrypted-tbn1.gstatic.com/shopping?q=tbn:ANd9GcQSrQACi5CuC3fOlMxiijH_rVjoyaeY8RQN3cxWlmscHYWNm9hSE1aFEW8XknivmV9UxoGw&usqp=CAE","productPlacement":"google-shopping","price":30960},{"name":"Мойка парикмахерская Cоло","domain":"opensalon.com.ua","url":"https://opensalon.com.ua/p1146082347-mojka-parikmaherskaya-colo.html","imageUrl":"https://encrypted-tbn1.gstatic.com/shopping?q=tbn:ANd9GcTgb-Fl24EsEw6vE9SDDk1jtrmcY5odcSWYvmEyyrra2a7zP4qtWN5I_g5Qpek6hmJ2a0ICEA&usqp=CAE","productPlacement":"google-shopping","price":14000},{"name":"Мойка парикмахерская Кристина","domain":"instasalon.com.ua","url":"https://instasalon.com.ua/p1807380807-mojka-parikmaherskaya-kristina.html","imageUrl":"https://encrypted-tbn0.gstatic.com/shopping?q=tbn:ANd9GcTg8BljXXjm3Xz04ZZZDywHDbsJWzRLMWOzU6zLctjdeS1GBSQnV0ifF6eNN4RjDSTirEnV&usqp=CAE","productPlacement":"google-shopping","price":19200},{"name":"Мойка парикмахерская  Clio","domain":"ukrsalon.com.ua","url":"https://ukrsalon.com.ua/collection/parikmaherskie-moyki/product/moyka-parikmaherskaya-clio-2","imageUrl":"https://static.insalescdn.com/images/products/1/6058/45987754/65.jpg","productPlacement":"google-organic","price":27368},{"name":"Мойка парикмахерская Kasel","domain":"dilaris.com.ua","url":"https://dilaris.com.ua/mojka-parikmaherskaya-kasel","imageUrl":"https://encrypted-tbn0.gstatic.com/shopping?q=tbn:ANd9GcQbpvujNNs-Fv-AIhsWzSE6YwPJluOBvUAwHqBHzoSaxqVKlVza4U9SVYMq&usqp=CAE","productPlacement":"google-shopping","price":22408.2},{"name":"Мойка парикмахерская М0016","domain":"basicsbeauty.com.ua","url":"https://basicsbeauty.com.ua/catalog/product/moyka_parikmaherskaya_m0016","imageUrl":"https://encrypted-tbn1.gstatic.com/shopping?q=tbn:ANd9GcQBIXsyZ8zG-Wim17qOdzl2MmVzCoOx3rhfVnwXC0sOhhe_pv8M4OYoYER6&usqp=CAE","productPlacement":"google-shopping","price":2000},{"name":"Мойка парикмахерская CHARLINE","domain":"dilaris.com.ua","url":"https://dilaris.com.ua/mojka-parikmaherskaya-charline","imageUrl":"https://encrypted-tbn3.gstatic.com/shopping?q=tbn:ANd9GcTM5X4eOxxiJuHZYdmt_Qfckk4PYiqc4coSVOpriMeXH4mPi5cuuNi5hQDKLfjZtsuxbSswcg&usqp=CAE","productPlacement":"google-shopping","price":23707.28},{"name":"Мойка парикмахерская CM-02.02.01","domain":"opensalon.com.ua","url":"https://opensalon.com.ua/p1145679023-mojka-parikmaherskaya-020201.html","imageUrl":"https://encrypted-tbn2.gstatic.com/shopping?q=tbn:ANd9GcQGKUWjRmyUgNtT6oibvCM17H4xMqfzx4K-OnWAgd8zpptirjWysvc2MUwcakJQZDa-lYfU&usqp=CAE","productPlacement":"google-shopping","price":19995},{"name":"Мойка парикмахерская Mali Duo Lux","domain":"dilaris.com.ua","url":"https://dilaris.com.ua/mojka-parikmaherskaya-mali-duo-lux","imageUrl":"https://encrypted-tbn2.gstatic.com/shopping?q=tbn:ANd9GcQlf_Eir4T6Y3vO--3ubIMSkLqldpd3HJuMbUPRm4ss_ZoVwCtdTPsHrFA&usqp=CAE","productPlacement":"google-shopping","price":37063.55},{"name":"Мойка парикмахерская Frizel Harson Clio","domain":"rixus.com.ua","url":"https://rixus.com.ua/mijka_perukarska_harson_clio-ru","imageUrl":"https://rixus.com.ua/photos/elem/f/00-00013075_1.jpg","productPlacement":"google-organic","price":9099},{"name":"Мойка парикмахерская Mebel Studio Лея с керамикой Гарсон серая","domain":"prom.ua","url":"https://prom.ua/p1858680704-mojka-parikmaherskaya-mebel.html","imageUrl":"https://encrypted-tbn0.gstatic.com/shopping?q=tbn:ANd9GcSflR2E7juF1-pNRVuBBNS1TX2dHsAa0PseF3LdLef8JE5vQ8Q5IbRKhOz1&usqp=CAE","productPlacement":"google-shopping","price":16000},{"name":"Парикмахерская мойка Valencia с креслом. Парикмахерские мойки","domain":"rozetka.com.ua","url":"https://rozetka.com.ua/406486206/p406486206/","imageUrl":"https://encrypted-tbn3.gstatic.com/shopping?q=tbn:ANd9GcQemyb00o0fMk_G1ifbdB3DFi-kXwRoDuHBQQcFgeJ6vc62rNzKdsBkpiX2SURpMi3MaYf6XA&usqp=CAE","productPlacement":"google-shopping","price":24429},{"name":"Парикмахерская мойка-кресло с керамической раковиной (черная)","domain":"super-shop.net.ua","url":"https://super-shop.net.ua/p2299484470-parikmaherskaya-mojka-kreslo.html","imageUrl":"https://encrypted-tbn2.gstatic.com/shopping?q=tbn:ANd9GcTwt5hY50x-u79adHLGijVqYRkMbQdGU6aw2Z1kjyUJOdURGm9U15VYOq5iWWyRMtJ37WEa&usqp=CAE","productPlacement":"google-shopping","price":28990},{"name":"Парикмахерская мойка Flamingo Compact с глубокой керамикой New York","domain":"ukrsalon.com.ua","url":"https://ukrsalon.com.ua/product/moyka-parikmaherskaya-s-kreslom-8008","imageUrl":"https://encrypted-tbn2.gstatic.com/shopping?q=tbn:ANd9GcRMBNUKf0kZu7VNKU1Y4m5i9kHcyYiF90HHlx8cIQORqI-IMlPgE3P-lgg&usqp=CAE","productPlacement":"google-shopping","price":19358},{"name":"Мойка парикмахерская Garson Klio с белой раковиной","domain":"frizlab.pl","url":"https://frizlab.pl/ru/myjnia-fryzjerska-garson-klio-kolor-misy-biala/","imageUrl":"https://encrypted-tbn1.gstatic.com/shopping?q=tbn:ANd9GcSOJ3drz1zlDeXDNoIz7_RyvohOjecBFvCwciUip1HHnwoKTcWpadbFFCXHd9DW0OVdVdvg&usqp=CAE","productPlacement":"google-shopping","price":20972},{"name":"Мойка парикмахерская для салона красоты профессиональная Лонг","domain":"profi-perukar.com.ua","url":"https://profi-perukar.com.ua/ru/p1476888570-mojka-parikmaherskaya-dlya.html","imageUrl":"https://encrypted-tbn2.gstatic.com/shopping?q=tbn:ANd9GcQ6LhmmR4NvvVEqf7gH7sTt-9m0ACAqFxhugLMx3GFR2YCgN-DBWvlVe2OwSr_ePTzl0MMr-Q&usqp=CAE","productPlacement":"google-shopping","price":19990},{"name":"Профессиональная парикмахерская мойка 210 – регулируемая, стойкая к влаге, черная","domain":"super-shop.net.ua","url":"https://super-shop.net.ua/p2466992107-professionalnaya-parikmaherskaya-mojka.html","imageUrl":"https://encrypted-tbn0.gstatic.com/shopping?q=tbn:ANd9GcS2ORuPamabRRMhWyfWU6ceMSJ4aCTONP_llZgbbT2UhuoAvEkLdPAwa_sWWFhBLBcMwhosTQ&usqp=CAE","productPlacement":"google-shopping","price":2650},{"name":"Парикмахерская мойка Гарсон ВАН кресло-мойка в салон красоты мойки для парикмахерских с удобным креслом Космо (белая, черная)","domain":"beautystar.in.ua","url":"https://beautystar.in.ua/p1513554209-parikmaherskaya-mojka-garson.html","imageUrl":"https://encrypted-tbn3.gstatic.com/shopping?q=tbn:ANd9GcTEtPI_oJPTG-EO36bvqA3RMH9jqLzNQobmRgBCis8HJ9imUCmSpDc3sYs&usqp=CAE","productPlacement":"google-shopping","price":22368},{"name":"Мойка для парикмахерских ЧИП & ГЛОРИЯ мойка для парикмахеров кресла мойки для головы в салон красоты","domain":"prom.ua","url":"https://prom.ua/p1893831097-mojka-dlya-parikmaherskih.html","imageUrl":"https://encrypted-tbn3.gstatic.com/shopping?q=tbn:ANd9GcRKsg7BMUTOhQp-jbW64XE1BPtqlOfdtUKDt2NlVNnunlKYJrouefsnz_Ur&usqp=CAE","productPlacement":"google-shopping","price":17340},{"name":"Мойка парикмахерская Garson Clio с креслом и керамической раковиной, белого цвета","domain":"beauty-mafia.com.ua","url":"https://beauty-mafia.com.ua/katalog/mebel-dlya-salonov-krasoty-katalog/mebel-dlya-salonov-krasoty/mojki-parikmaherskie/sidyachie-mojki/mojka-parikmaherskaya-garson-clio-s-kreslom-i-keramicheskoj-rakovinoj-belogo-czveta/","imageUrl":"https://beauty-mafia.com.ua/wp-content/uploads/2024/10/7560c2ae-70f3-472a-a236-2eab48b6c6d4.jpeg","productPlacement":"google-organic","price":21840},{"name":"Мойка парикмахерская Garson Clio с креслом и керамической раковиной, белого цвета","domain":"beauty-mafia.com.ua","url":"https://beauty-mafia.com.ua/katalog/mojka-parikmaherskaya-garson-clio-s-kreslom-i-keramicheskoj-rakovinoj-belogo-czveta/","imageUrl":"https://beauty-mafia.com.ua/wp-content/uploads/2024/10/7560c2ae-70f3-472a-a236-2eab48b6c6d4.jpeg","productPlacement":"google-organic","price":21840},{"name":"Мойка парикмахерская для клиентов салона красоты керамика регулируемая удобное кресло для мытья волос Lord","domain":"beautystar.in.ua","url":"https://beautystar.in.ua/p1080079550-mojka-parikmaherskaya-dlya.html","imageUrl":"https://encrypted-tbn0.gstatic.com/shopping?q=tbn:ANd9GcS570s0nNBncVOLttI9QWist9x6IYkgR91AgHPmSS78DzGUGF0vnvIWZdRl&usqp=CAE","productPlacement":"google-shopping","price":28248.75},{"name":"Мийка перукарська Clio","domain":"ukrstil.com","url":"https://ukrstil.com/p552104537-mojka-parikmaherskaya-clio.html","imageUrl":"https://images.prom.ua/113545760_w640_h640_mojka-parikmaherskaya-clio.jpg","productPlacement":"google-organic","price":29072},{"name":"Мийка перукарня Леді/Кліо (Lady Clio)","domain":"zloy-stilist.com.ua","url":"https://zloy-stilist.com.ua/p2056333491-mojka-parikmaherskaya-ledi.html","imageUrl":"https://images.prom.ua/5243437467_w640_h640_mojka-parikmaherskaya-ledi.jpg","productPlacement":"google-organic","price":26400}]}]}